Z_P1_01_C4_Contraction_run00	verify.json	e8941414a25c7c8e1aed6b3f5c032c00a69e85ae6964555301ff48dee44009e3
Z_P1_01_C4_Contraction_run00	solve_h2.json	62897b8c26de3af1a78433807c5607fb8c82f061d1457e9c43e2aa5d35fe7780
Z_P1_01_C4_Contraction_run01	verify.json	e8941414a25c7c8e1aed6b3f5c032c00a69e85ae6964555301ff48dee44009e3
Z_P1_01_C4_Contraction_run01	solve_h2.json	62897b8c26de3af1a78433807c5607fb8c82f061d1457e9c43e2aa5d35fe7780
Z_P1_01_C4_Contraction_run02	verify.json	e8941414a25c7c8e1aed6b3f5c032c00a69e85ae6964555301ff48dee44009e3
Z_P1_01_C4_Contraction_run02	solve_h2.json	62897b8c26de3af1a78433807c5607fb8c82f061d1457e9c43e2aa5d35fe7780
Z_P1_02_C5_Stability_run00	verify.json	acfdc30c9f0d3e38d7b9ec05ef38f56bdefdeb5821be8ce8485f9dc291a89e4f
Z_P1_02_C5_Stability_run00	solve_h2.json	35c85f9ef74a44ceede428ffc662d4a8baa4b27c37f64f4f24e979482d88c59a
Z_P1_02_C5_Stability_run01	verify.json	acfdc30c9f0d3e38d7b9ec05ef38f56bdefdeb5821be8ce8485f9dc291a89e4f
Z_P1_02_C5_Stability_run01	solve_h2.json	35c85f9ef74a44ceede428ffc662d4a8baa4b27c37f64f4f24e979482d88c59a
Z_P1_02_C5_Stability_run02	verify.json	acfdc30c9f0d3e38d7b9ec05ef38f56bdefdeb5821be8ce8485f9dc291a89e4f
Z_P1_02_C5_Stability_run02	solve_h2.json	35c85f9ef74a44ceede428ffc662d4a8baa4b27c37f64f4f24e979482d88c59a
Z_P1_03_C10_Convergence_run00	verify.json	816e3c938a6f6661cdacf75175f8f3989fc97de60237813c6593f2bfc3acf7a0
Z_P1_03_C10_Convergence_run00	solve_h2.json	40c7ee25865ba804d0ce01bdbd949c0b7a1d1cc8b8840e8923b95a1e4744af97
Z_P1_03_C10_Convergence_run01	verify.json	816e3c938a6f6661cdacf75175f8f3989fc97de60237813c6593f2bfc3acf7a0
Z_P1_03_C10_Convergence_run01	solve_h2.json	40c7ee25865ba804d0ce01bdbd949c0b7a1d1cc8b8840e8923b95a1e4744af97
Z_P1_03_C10_Convergence_run02	verify.json	816e3c938a6f6661cdacf75175f8f3989fc97de60237813c6593f2bfc3acf7a0
Z_P1_03_C10_Convergence_run02	solve_h2.json	40c7ee25865ba804d0ce01bdbd949c0b7a1d1cc8b8840e8923b95a1e4744af97
Z_P1_04_C2_Replication_run00	verify.json	4c28c05f5ebae99d53f94870710b8393eb949df98a0d2affe659aa784f95ceb0
Z_P1_04_C2_Replication_run00	solve_h2.json	1fbf5f2272ec7cb102e6fbde439d1281c83374bbb956eb4a20f4ec94e42e2474
Z_P1_04_C2_Replication_run01	verify.json	4c28c05f5ebae99d53f94870710b8393eb949df98a0d2affe659aa784f95ceb0
Z_P1_04_C2_Replication_run01	solve_h2.json	1fbf5f2272ec7cb102e6fbde439d1281c83374bbb956eb4a20f4ec94e42e2474
Z_P1_04_C2_Replication_run02	verify.json	4c28c05f5ebae99d53f94870710b8393eb949df98a0d2affe659aa784f95ceb0
Z_P1_04_C2_Replication_run02	solve_h2.json	1fbf5f2272ec7cb102e6fbde439d1281c83374bbb956eb4a20f4ec94e42e2474
Z_P1_05_C6_Coherence_run00	verify.json	807855c70dea163c8660413113ce87346d2057922851a0df3ecb7e8777c78f3b
Z_P1_05_C6_Coherence_run00	solve_h2.json	70131da1c24067b88749b71702219918637538bfabea5edb9c31b11e4972a16f
Z_P1_05_C6_Coherence_run01	verify.json	807855c70dea163c8660413113ce87346d2057922851a0df3ecb7e8777c78f3b
Z_P1_05_C6_Coherence_run01	solve_h2.json	70131da1c24067b88749b71702219918637538bfabea5edb9c31b11e4972a16f
Z_P1_05_C6_Coherence_run02	verify.json	807855c70dea163c8660413113ce87346d2057922851a0df3ecb7e8777c78f3b
Z_P1_05_C6_Coherence_run02	solve_h2.json	70131da1c24067b88749b71702219918637538bfabea5edb9c31b11e4972a16f
Z_P1_06_C9_Isotropy_run00	verify.json	a59d7486232ccdb3f862a2488d2f9ab2455c5f438a4fc9afd37e425bb6749b29
Z_P1_06_C9_Isotropy_run00	solve_h2.json	9c7eafd7b1726485f73052204ab9be7529eb5a7de5293a813eaf46fe07319e41
Z_P1_06_C9_Isotropy_run01	verify.json	a59d7486232ccdb3f862a2488d2f9ab2455c5f438a4fc9afd37e425bb6749b29
Z_P1_06_C9_Isotropy_run01	solve_h2.json	9c7eafd7b1726485f73052204ab9be7529eb5a7de5293a813eaf46fe07319e41
Z_P1_06_C9_Isotropy_run02	verify.json	a59d7486232ccdb3f862a2488d2f9ab2455c5f438a4fc9afd37e425bb6749b29
Z_P1_06_C9_Isotropy_run02	solve_h2.json	9c7eafd7b1726485f73052204ab9be7529eb5a7de5293a813eaf46fe07319e41
Z_P1_07_C8_Holography_run00	verify.json	d1c116cb59085840f2765e11a399e8a8cab469fe8d04390bcfa8c60ff381dd8a
Z_P1_07_C8_Holography_run00	solve_h2.json	d3d3eb71742122df5108c2ec700720983f4cba6b5b4b172c22c3d827ba06dfb5
Z_P1_07_C8_Holography_run01	verify.json	d1c116cb59085840f2765e11a399e8a8cab469fe8d04390bcfa8c60ff381dd8a
Z_P1_07_C8_Holography_run01	solve_h2.json	d3d3eb71742122df5108c2ec700720983f4cba6b5b4b172c22c3d827ba06dfb5
Z_P1_07_C8_Holography_run02	verify.json	d1c116cb59085840f2765e11a399e8a8cab469fe8d04390bcfa8c60ff381dd8a
Z_P1_07_C8_Holography_run02	solve_h2.json	d3d3eb71742122df5108c2ec700720983f4cba6b5b4b172c22c3d827ba06dfb5
